{
  "health": {
    "endpoint": "/health",
    "descricao": "Verificação de saúde do sistema",
    "total_requisicoes": 50,
    "sucessos": 50,
    "falhas": 0,
    "taxa_sucesso": 100.0,
    "tempo_medio_ms": 2034.0258407592773,
    "tempo_mediano_ms": 2031.9623947143555,
    "tempo_min_ms": 2016.5507793426514,
    "tempo_max_ms": 2060.0080490112305,
    "desvio_padrao_ms": 12.675693757655415,
    "p95_ms": 2058.2659244537354,
    "p99_ms": 2060.0080490112305,
    "throughput_rps": 0.49163583862175125
  },
  "dashboard": {
    "endpoint": "/dashboard/leitos",
    "descricao": "Dashboard público de ocupação",
    "total_requisicoes": 50,
    "sucessos": 50,
    "falhas": 0,
    "taxa_sucesso": 100.0,
    "tempo_medio_ms": 2110.722770690918,
    "tempo_mediano_ms": 2108.497738838196,
    "tempo_min_ms": 2063.488006591797,
    "tempo_max_ms": 2216.735363006592,
    "desvio_padrao_ms": 26.52474618057997,
    "p95_ms": 2143.5580253601074,
    "p99_ms": 2216.735363006592,
    "throughput_rps": 0.4737713611118446
  },
  "transparencia": {
    "endpoint": "/transparencia-modelo",
    "descricao": "Informações de transparência da IA",
    "total_requisicoes": 20,
    "sucessos": 20,
    "falhas": 0,
    "taxa_sucesso": 100.0,
    "tempo_medio_ms": 2036.9169116020203,
    "tempo_mediano_ms": 2037.7216339111328,
    "tempo_min_ms": 2014.8639678955078,
    "tempo_max_ms": 2063.5766983032227,
    "desvio_padrao_ms": 14.64304089754896,
    "p95_ms": 2063.5766983032227,
    "p99_ms": 2063.5766983032227,
    "throughput_rps": 0.4909380418534143
  },
  "ia": {
    "total_casos": 20,
    "sucessos": 20,
    "taxa_sucesso": 100.0,
    "tempo_medio_ms": 2096.418523788452,
    "tempo_mediano_ms": 2094.180107116699,
    "tempo_min_ms": 2068.6073303222656,
    "tempo_max_ms": 2145.061254501343,
    "p95_ms": 2145.061254501343
  },
  "concorrencia": {
    "endpoint": "/dashboard/leitos",
    "usuarios_concorrentes": 10,
    "total_requisicoes": 50,
    "sucessos": 50,
    "taxa_sucesso": 100.0,
    "tempo_total_s": 11.365533113479614,
    "throughput_real_rps": 4.399265701025462,
    "tempo_medio_ms": 2209.2373609542847,
    "tempo_max_ms": 2741.0929203033447
  },
  "taxa_sucesso_geral": 100.0,
  "tempo_medio_geral": 2069.521011710167,
  "throughput_max": 4.399265701025462,
  "usuarios_concorrentes": 10
}