{
  "health": {
    "endpoint": "/health",
    "descricao": "Verificação de saúde do sistema",
    "total_requisicoes": 10,
    "sucessos": 10,
    "falhas": 0,
    "taxa_sucesso": 100.0,
    "tempo_medio_ms": 14.310741424560547,
    "tempo_mediano_ms": 8.621573448181152,
    "tempo_min_ms": 6.956815719604492,
    "tempo_max_ms": 30.55739402770996,
    "desvio_padrao_ms": 9.38569653146326,
    "p95_ms": 30.55739402770996,
    "p99_ms": 30.55739402770996,
    "throughput_rps": 69.87758148461604
  },
  "dashboard": {
    "endpoint": "/dashboard/leitos",
    "descricao": "Dashboard público de ocupação",
    "total_requisicoes": 10,
    "sucessos": 10,
    "falhas": 0,
    "taxa_sucesso": 100.0,
    "tempo_medio_ms": 65.75889587402344,
    "tempo_mediano_ms": 61.01369857788086,
    "tempo_min_ms": 55.443525314331055,
    "tempo_max_ms": 85.6175422668457,
    "desvio_padrao_ms": 11.11528468140622,
    "p95_ms": 85.6175422668457,
    "p99_ms": 85.6175422668457,
    "throughput_rps": 15.207067982341647
  },
  "transparencia": {
    "endpoint": "/transparencia-modelo",
    "descricao": "Informações de transparência da IA",
    "total_requisicoes": 20,
    "sucessos": 20,
    "falhas": 0,
    "taxa_sucesso": 100.0,
    "tempo_medio_ms": 12.8714919090271,
    "tempo_mediano_ms": 13.346433639526367,
    "tempo_min_ms": 2.5038719177246094,
    "tempo_max_ms": 28.102397918701172,
    "desvio_padrao_ms": 9.263004716828068,
    "p95_ms": 28.102397918701172,
    "p99_ms": 28.102397918701172,
    "throughput_rps": 77.69107163860896
  },
  "ia": {
    "total_casos": 5,
    "sucessos": 5,
    "taxa_sucesso": 100.0,
    "tempo_medio_ms": 69.53935623168945,
    "tempo_mediano_ms": 63.27986717224121,
    "tempo_min_ms": 46.86474800109863,
    "tempo_max_ms": 110.97288131713867,
    "p95_ms": 110.97288131713867
  },
  "concorrencia": {
    "endpoint": "/dashboard/leitos",
    "usuarios_concorrentes": 5,
    "total_requisicoes": 25,
    "sucessos": 25,
    "taxa_sucesso": 100.0,
    "tempo_total_s": 1.4194424152374268,
    "throughput_real_rps": 17.61254964035882,
    "tempo_medio_ms": 262.9155158996582,
    "tempo_max_ms": 366.82748794555664
  },
  "taxa_sucesso_geral": 100.0,
  "tempo_medio_geral": 40.620121359825134,
  "throughput_max": 17.61254964035882,
  "usuarios_concorrentes": 5
}